,Date,Market Cap,Volume,Current Price,ID
0,2017-01-01,16045986192.85,3470830329.607551,998.05,0
1,2017-02-01,16387926824.930002,4444828109.160988,1019.1988000000001,0
2,2017-03-01,16652715382.972502,4399421326.952804,1035.5313,0
3,2017-04-01,18187664239.845806,8705359110.270647,1130.8495163207272,0
4,2017-05-01,15934886737.499996,12102750396.564293,990.6674999999997,0
5,2017-06-01,14382278476.6875,10713248031.59434,894.0325,0
6,2017-07-01,14481153594.445597,7496626398.452948,900.0787999999999,0
7,2017-08-01,14611836820.125006,4735054808.286752,908.0850000000004,0
8,2017-09-01,14513519375.287489,4072687734.819042,901.8788880390637,0
9,2017-10-01,14577733897.52693,3216810928.8509765,905.7594626984339,0
10,2017-11-01,12624083564.875004,5258603516.371743,784.2775000000003,0
11,2017-12-01,12869633173.255001,3344901197.95181,799.4275,0
12,2017-01-13,13274790985.975603,1860269657.1335685,824.4988000000003,0
13,2017-01-14,13169067953.750004,1204479772.0607476,817.8250000000003,0
14,2017-01-15,13236623006.074997,923896735.4232056,821.9124999999998,0
15,2017-01-16,13341392032.219997,831361487.5460993,828.3099999999998,0
16,2017-01-17,14564800038.017504,1316827456.7886617,904.1525000000003,0
17,2017-01-18,14079682756.124992,1147970282.1944575,873.9349999999996,0
18,2017-01-19,14451431614.25,875858520.4030075,896.89,0
19,2017-01-20,14366002978.3256,613796288.0985693,891.4588,0
20,2017-01-21,14822821174.630005,683491208.3440663,919.6775000000004,0
21,2017-01-22,14810403902.437784,830201798.1765068,918.7788120146554,0
22,2017-01-23,14814052397.812502,467022882.86124325,918.9075000000001,0
23,2017-01-24,14281760609.625599,378666162.59162563,885.7887999999999,0
24,2017-01-25,14407365094.065598,381951425.9179588,893.4737999999999,0
25,2017-01-26,14762033603.999998,58349366.78102703,915.3599999999999,0
26,2017-01-27,14811184892.8875,49029317.21219829,918.2875,0
27,2017-01-28,14844529150.19,21882209.48833088,920.245,0
28,2017-01-29,14747986190.022495,20288320.821250055,914.1424999999998,0
29,2017-01-30,14860100039.695711,30166025.396133278,920.9911458822621,0
30,2017-01-31,15624634422.4056,101775253.2428098,968.2662999999999,0
31,2017-01-02,15922459702.093218,92784081.5523147,986.5728903454353,0
32,2017-02-02,16276789219.937464,93269627.17186482,1008.4033182231417,0
33,2017-03-02,16392262891.437502,138411478.18957058,1015.4425000000001,0
34,2017-04-02,16687723783.25,99014097.13559519,1033.63,0
35,2017-05-02,16420090077.568644,75284571.16114573,1016.9261585954309,0
36,2017-06-02,16544150319.051847,73413586.50003262,1024.5110886063283,0
37,2017-07-02,16981015237.500008,89525304.92230712,1051.5000000000005,0
38,2017-08-02,17045265643.7481,164316931.3624948,1055.3013,0
39,2017-09-02,15858560740.5,333977588.2356619,981.7049999999999,0
40,2017-10-02,16028562068.135601,155061226.92505568,992.1113,0
41,2017-11-02,16334579162.865597,61189139.07653336,1010.9462999999998,0
42,2017-12-02,16167938833.727505,36448049.44931276,1000.5237691031117,0
43,2017-02-13,16098583564.75675,75754126.52273774,996.1039358698114,0
44,2017-02-14,16326912555.985212,79285701.69931836,1010.1021618594351,0
45,2017-02-15,16308969767.019999,38397960.040879354,1008.8812999999999,0
46,2017-02-16,16731535006.800604,66797083.39238934,1034.9038000000003,0
47,2017-02-17,17083619843.997013,93994063.10950576,1056.5580910529798,0
48,2017-02-18,17118312229.51949,55001149.210340396,1058.5809306486606,0
49,2017-02-19,17037979881.749996,37478366.695671685,1053.5024999999998,0
50,2017-02-20,17500458951.95995,55971656.67700667,1082.0168234958396,0
51,2017-02-21,18202277765.49074,157173668.2490902,1125.4088148356532,0
52,2017-02-22,18168250822.125,99272532.79966931,1123.3049999999998,0
53,2017-02-23,19176691563.44728,132273779.09306018,1185.6547846887681,0
54,2017-02-24,19108706913.124996,303444815.37207663,1180.8709999999999,0
55,2017-02-25,18601876715.06894,118187068.14571138,1149.4036781698383,0
56,2017-02-26,19110682514.326004,89353606.5435028,1180.6730000000002,0
57,2017-02-27,19314424735.21033,87503104.90059088,1193.1295150369579,0
58,2017-02-28,19271383899.146996,139855221.83568653,1190.3309999999997,0
59,2017-01-03,19875003126.771698,105587214.84284867,1227.4771489660905,0
60,2017-02-03,20437807786.697002,174318244.9248126,1262.0810000000001,0
61,2017-03-03,20884867165.511112,152484577.44121936,1289.5406116191473,0
62,2017-04-03,20551257963.730083,121628867.96214925,1268.8145320151446,0
63,2017-05-03,20673857896.125004,62090177.87740499,1276.2330000000002,0
64,2017-06-03,20753062038.099995,65232264.87056507,1280.9859999999996,0
65,2017-07-03,19978921138.285755,213974224.53913003,1233.0565084079958,0
66,2017-08-03,18629281761.825005,248575333.3901731,1149.6310000000003,0
67,2017-09-03,19305673114.12323,149501332.4258168,1191.2367224851023,0
68,2017-10-03,17829356645.959938,417086882.86842495,1100.0105899712148,0
69,2017-11-03,19147525540.5318,169071412.54824838,1181.2041227520244,0
70,2017-12-03,19950023304.0,104613431.4350169,1230.56,0
71,2017-03-13,20158188044.32141,131403644.08735795,1243.2649223901926,0
72,2017-03-14,20214039431.746094,86807305.13232267,1246.5567394807624,0
73,2017-03-15,20409261728.958996,72763975.2935764,1258.4569999999999,0
74,2017-03-16,19743578282.65421,137592935.4142275,1217.3145410078776,0
75,2017-03-17,17423426593.321995,283988947.7236811,1074.0938695062455,0
76,2017-03-18,15606390507.000002,342885274.9538922,961.9620000000001,0
77,2017-03-19,16606689806.263306,177388243.2413791,1023.4901008756748,0
78,2017-03-20,16816818647.793924,101975751.4316815,1036.3320123738727,0
79,2017-03-21,18058074337.21503,150015664.59348586,1112.701532272989,0
80,2017-03-22,16877645842.247137,188848065.44100598,1039.8401726478428,0
81,2017-03-23,16705852353.567331,82048831.9755843,1029.1394137431018,0
82,2017-03-24,15261293153.465893,161801850.34465718,940.0206265591036,0
83,2017-03-25,15672767506.162113,190451071.3339399,965.2650626610691,0
84,2017-03-26,15499531724.033215,130490540.3796116,954.4766599717783,0
85,2017-03-27,16932388062.889202,138288339.0282277,1042.6050726198062,0
86,2017-03-28,16968792612.799994,127643560.28946394,1044.7219999999998,0
87,2017-03-29,16871375654.368252,121169066.49229117,1038.617197616254,0
88,2017-03-30,16757840043.708635,102438849.919161,1031.4929056461594,0
89,2017-03-31,17519577833.28675,133287124.42714268,1078.274711090609,0
90,2017-01-04,17634831646.535995,87750426.90171514,1085.2529999999997,0
91,2017-02-04,,80231506.35067685,1098.0679999999998,0
92,2017-03-04,18517903140.18806,131765236.03753588,1139.3082754455547,0
93,2017-04-04,18539058629.558556,108222974.26702544,1140.4975903801683,0
94,2017-05-04,18408732920.443806,87439620.02168314,1132.339904992776,0
95,2017-06-04,19416796070.09999,128309277.22353126,1194.2109999999996,0
96,2017-07-04,19347052264.0503,90840184.05054909,1189.775123703212,0
97,2017-08-04,19227110119.602,43899666.20643768,1182.271,0
98,2017-09-04,19316186631.362995,41151425.52338414,1187.6989999999998,0
99,2017-10-04,19691023824.75,76050218.05983433,1210.515,0
100,2017-11-04,19955556306.916,78899688.76011947,1226.618,0
101,2017-12-04,19822303422.025,83573376.82029216,1218.299,0
102,2017-04-13,19106860359.408,131395672.09469403,1174.209,0
103,2017-04-14,19263144684.95,92892227.90249667,1183.687,0
104,2017-04-15,19210567706.901,53325277.000297464,1180.323,0
105,2017-04-16,19310204918.47,36294382.376176596,1186.31,0
106,2017-04-17,19618884439.9,83379623.41478413,1205.143,0
107,2017-04-18,19823480859.0,85025813.90001634,1217.58,0
108,2017-04-19,19958292470.9,71343829.93791687,1225.721,0
109,2017-04-20,20419371472.848,112476255.64770472,1253.904,0
110,2017-04-21,20439557226.725,91517340.71934254,1254.9875,0
111,2017-04-22,20355249795.0,84061246.82405868,1249.67,0
112,2017-04-23,20327793187.52,84420564.20787704,1247.8388,0
113,2017-04-24,20364256790.6925,70514448.2984891,1249.9563,0
114,2017-04-25,20579834197.125,93017240.89550121,1263.045,0
115,2017-04-26,20977699422.84,121914930.77675967,1287.32,0
116,2017-04-27,21697132034.375,134993633.3799261,1331.3125,0
117,2017-04-28,21534600390.46,161417797.38181546,1321.205,0
118,2017-04-29,21643161383.0556,86320647.340096,1327.6863,0
119,2017-04-30,22007601314.79,86247238.96408871,1349.8863,0
120,2017-01-05,22964730936.125,217759983.7243955,1408.445,0
121,2017-02-05,23518941607.875,189160669.69719717,1442.245,0
122,2017-03-05,24231937589.4375,206154588.92349654,1485.8175,0
123,2017-04-05,24455911024.0,335017412.62340426,1499.36,0
124,2017-05-05,24567395211.1206,324314592.9971558,1506.0438,0
125,2017-06-05,25252078563.53,135507234.10379437,1547.815,0
126,2017-07-05,25419561546.555,149859388.43444195,1557.8838,0
127,2017-08-05,26655087385.5,276144904.85303676,1633.38,0
128,2017-09-05,27748404857.4425,383922543.2526552,1700.1775,0
129,2017-10-05,28521047690.935,288565639.4229343,1747.3175,0
130,2017-11-05,29527250348.0656,313353159.7330766,1808.7788,0
131,2017-12-05,27767470033.9575,248020430.1818661,1700.7725,0
132,2017-05-13,28602793979.76,246696636.62711567,1751.73,0
133,2017-05-14,28867391787.52,124978733.01274386,1767.7088,0
134,2017-05-15,27702000821.75,231039670.3102772,1696.13,0
135,2017-05-16,28034610160.905,218205145.65872082,1716.315,0
136,2017-05-17,29477763646.6281,271656160.3631455,1804.4513,0
137,2017-05-18,30868475119.0056,230137778.81666598,1889.4088,0
138,2017-05-19,32237082949.2181,279848678.0797178,1972.9013,0
139,2017-05-20,33393518554.5,274198303.3238714,2043.42,0
140,2017-05-21,33568054937.0756,264478153.79685724,2053.8788,0
141,2017-05-22,34479453631.095,580030832.7898638,2109.3963,0
142,2017-05-23,37479380943.125,389402023.7389176,2292.7025,0
143,2017-05-24,40025140034.1006,555024432.8249408,2448.1313,0
144,2017-05-25,38704024228.25,889791512.2689184,2366.9725,0
145,2017-05-26,36997900173.0,716011543.9589934,2262.36,0
146,2017-05-27,34066387966.5,683119789.1268574,2082.845,0
147,2017-05-28,36305932627.5,401864331.3271442,2219.4875,0
148,2017-05-29,37402630788.11,312368211.91593516,2286.2663,0
149,2017-05-30,35466825282.315,335746190.66623986,2167.6438,0
150,2017-05-31,38113024210.0,416350458.7178713,2329.0775,0
151,2017-01-06,39868442921.8656,438586633.5187092,2436.0363,0
152,2017-02-06,41152717323.6675,292795886.85332465,2514.2275,0
153,2017-03-06,41949676689.0,304803966.17644024,2562.54,0
154,2017-04-06,41854068527.985,254469613.91820475,2556.405,0
155,2017-05-06,44563721217.1875,334411829.5166427,2721.5525,0
156,2017-06-06,47547556371.0756,1211604496.354524,2903.4438,0
157,2017-07-06,44484425844.04,717931660.7865304,2716.0588,0
158,2017-08-06,46261410000.6806,580940070.4176636,2824.2038,0
159,2017-09-06,46149913864.145,393210044.6730309,2817.0638,0
160,2017-10-06,48127389931.89,354694237.39057237,2937.4538,0
161,2017-11-06,49382412955.42,350197483.3404642,3013.7138,0
162,2017-12-06,44267424094.875,792436484.821471,2701.255,0
163,2017-06-13,44844697932.88,410084483.665015,2736.1888,0
164,2017-06-14,41033780985.98741,565476421.7798644,2503.40127294964,0
165,2017-06-15,40072859209.16968,845674827.7127961,2444.49371230854,0
166,2017-06-16,41213920649.6624,404682134.6180688,2513.81034764638,0
167,2017-06-17,44001982613.919,386716359.4470909,2683.5713440378,0
168,2017-06-18,42262755911.74297,320439362.70244586,2577.21936114026,0
169,2017-06-19,42971547871.184555,307738404.7993459,2620.13645139993,0
170,2017-06-20,45561980141.81072,461719561.5390207,2777.79265567999,0
171,2017-06-21,44569583131.63903,447106675.7720245,2717.00310788798,0
172,2017-06-22,44703988751.351746,273815444.4663382,2724.91221331707,0
173,2017-06-23,44920255723.30297,187781433.42478496,2737.74623109829,0
174,2017-07-29,44819837646.14303,862355190.6244134,2720.10226250836,0
175,2017-07-30,45158066501.84347,373175816.24998474,2740.32359181287,0
176,2017-07-31,47322548226.26965,438125892.5058857,2871.3680152452,0
177,2017-01-08,45126045890.85253,745400937.0961412,2737.76379241919,0
178,2017-02-08,44473195322.900276,412594211.0343428,2697.8509023017,0
179,2017-03-08,45788833023.80792,339104668.1906748,2777.36799394604,0
180,2017-04-08,46925073392.63279,368080367.5107562,2845.89716230278,0
181,2017-05-08,53382167034.14344,1066264901.9573861,3237.07069450803,0
182,2017-06-08,52607099482.05991,489419318.3026005,3189.7324534615,0
183,2017-07-08,55367416610.36144,695546889.0949574,3356.70973808691,0
184,2017-08-08,56260701200.034225,803019985.1887337,3410.45008044914,0
185,2017-09-08,54954274834.24823,638922625.0771153,3330.89782529283,0
186,2017-10-08,55570438886.95547,424604065.32912636,3367.90538708821,0
187,2017-11-08,58788973716.33661,641330314.4333423,3562.58766284089,0
188,2017-12-08,62715286393.358154,988460078.2087516,3800.14062506336,0
189,2017-08-13,66405071142.320496,1549520790.332874,4023.25452207874,0
190,2017-08-14,68927834713.06955,1089626076.898878,4175.69529134641,0
191,2017-08-15,68500212180.10542,1908427436.1044514,4149.30875941234,0
192,2017-08-16,70376601817.48047,1755705435.2806149,4262.5587912331,0
193,2017-08-17,70778773053.66321,1774245121.0315044,4286.91743450516,0
194,2017-08-18,67671539511.38793,1515069151.8626456,4097.68580247375,0
195,2017-08-19,67968693045.18288,1710080500.0248759,4115.21198836208,0
196,2017-08-20,66092742688.79337,551798951.9672189,4001.22863247285,0
197,2017-08-21,65008176478.93846,712634899.3959899,3935.22993283277,0
198,2017-08-22,66221496790.766624,1402352816.7446954,4008.41668521521,0
199,2017-08-23,67231683430.31014,801748251.0347502,4069.0802390251,0
200,2017-08-24,68859869628.5617,686855777.303872,4167.28917680219,0
201,2017-08-25,69403950803.04054,689332055.0584042,4199.89203158457,0
202,2017-08-26,68147140643.37593,401970264.1835565,4123.51337132546,0
203,2017-08-27,68038485482.57394,348607397.3713809,4116.46873916326,0
204,2017-08-28,69694649043.72203,652038444.4811547,4216.24277330547,0
205,2017-08-29,72641940495.6991,864725915.097578,4394.06343624723,0
206,2017-08-30,75292523274.51767,674336659.4873832,4553.80652713686,0
207,2017-08-31,77767841900.02457,675647444.6830037,4702.93816308458,0
208,2017-01-09,80428274476.4107,909131411.605347,4863.19304868405,0
209,2017-02-09,75367266379.22632,1475097323.458513,4556.5977768913,0
210,2017-03-09,76631058145.99944,1007165501.0854648,4632.46233076675,0
211,2017-04-09,71425022760.39119,1554585273.636073,4317.18518771612,0
212,2017-05-09,73598219046.08562,1626968192.530412,4447.87559221093,0
213,2017-06-09,75996461011.38934,1060025861.6307496,4592.25027789782,0
214,2017-07-09,75883474995.22142,669892692.7226958,4584.82027519271,0
215,2017-08-09,70933796921.03749,1477975497.7897267,4285.20793872097,0
216,2017-09-09,70287354161.79593,787822375.6637348,4245.60734112386,0
217,2017-10-09,68424784707.49242,997139675.398169,4132.6646422833,0
218,2017-11-09,68968724069.36708,771493043.3837389,4164.97621199409,0
219,2017-12-09,68415142331.638626,1062536773.8295213,4130.95628475182,0
220,2017-09-13,64328714659.05176,1545425745.1412098,3883.65200134942,0
221,2017-09-14,51366093442.36449,1950938472.0145135,3100.66815470405,0
222,2017-09-15,59446207725.41725,3308099534.339308,3587.9431219159,0
223,2017-09-16,59757602841.68003,1399781741.4877734,3606.27519721432,0
224,2017-09-17,58889832717.23171,846880197.8947364,3553.43231625865,0
225,2017-09-18,66500676482.32742,1282809663.1080554,4012.28582499344,0
226,2017-09-19,64629619385.94208,942656241.4373351,3898.93473248234,0
227,2017-09-20,63957210363.29384,676074373.1781092,3858.02095060051,0
228,2017-09-21,60152757874.00039,913652257.307351,3628.05858753461,0
229,2017-09-22,60061814860.04741,767837732.7568976,3622.1830393146,0
230,2017-09-23,62411285738.3069,578068211.7796992,3763.41140627887,0
231,2017-09-24,60907151775.202774,429544014.3865627,3672.30507973319,0
232,2017-09-25,64137374771.87553,800311260.7601415,3866.70515274174,0
233,2017-09-26,63915425115.126785,544391497.5833492,3852.93520487706,0
234,2017-09-27,68589320812.824844,936452128.5755137,4134.21241496119,0
235,2017-09-28,68609525756.87619,852500405.3533716,4134.88495085993,0
236,2017-09-29,68544241007.41879,829225349.3886597,4130.41524600294,0
237,2017-09-30,71329258156.47789,720251082.9981893,4297.79117003372,0
238,2017-01-10,72162524814.14323,682387248.0888995,4347.57873545332,0
239,2017-02-10,72763860755.0592,738468958.9611623,4383.32549736353,0
240,2017-03-10,71707074498.61319,760685985.6944162,4319.06921246641,0
241,2017-04-10,70259971867.79242,573368922.9375935,4231.46418703684,0
242,2017-05-10,71244448102.50621,713160614.1358172,4290.38040438142,0
243,2017-06-10,72202651600.90865,623863525.065278,4347.54723950876,0
244,2017-07-10,73165830198.24252,468192424.3612093,4405.0162007055,0
245,2017-08-10,75788890435.07802,771225396.3362144,4562.32193109848,0
246,2017-09-10,79061044585.54332,1128809802.8032467,4758.72164979337,0
247,2017-10-10,79249573590.62794,1134289150.2871664,4769.47734676417,0
248,2017-11-10,79896727838.75774,836737765.8088199,4807.92589489803,0
249,2017-12-10,88609513441.24539,2084912155.2398603,5331.61930195449,0
250,2017-10-13,93253757323.27051,3174154333.22038,5610.49316222874,0
251,2017-10-14,94406037193.81062,2311782991.9538355,5679.21622165638,0
252,2017-10-15,94500193338.09784,1665374310.9042103,5684.04710411913,0
253,2017-10-16,95258545426.38307,1060235879.6212636,5728.93275055115,0
254,2017-10-17,93855824390.12392,1106795866.7539878,5643.85907705172,0
255,2017-10-18,93017336298.87627,2100240729.7126238,5592.78222421231,0
256,2017-10-19,94752516351.64403,1229468606.297799,5696.38014134367,0
257,2017-10-20,99030673396.69295,1843078157.4676561,5952.7713587923,0
258,2017-10-21,100559216276.95663,1763987336.866072,6043.96673129542,0
259,2017-10-22,99899292227.65865,1799855389.6500697,6003.4640189335,0
260,2017-10-23,99188570754.3323,2039339670.519878,5959.98304059248,0
261,2017-10-24,92378194194.24738,2240037527.3631616,5550.08158528565,0
262,2017-10-25,94967978387.47089,1621897626.2100537,5704.87480650775,0
263,2017-10-26,97947023064.89772,1501048614.382047,5883.05318447111,0
264,2017-10-27,96164443214.40039,1332315431.0582082,5775.51666530736,0
265,2017-10-28,95484533854.62123,892992277.0600395,5734.30745398276,0
266,2017-10-29,101977770673.5449,1942980852.5876098,6123.54977135535,0
267,2017-10-30,101669814828.64807,1307795534.5842988,6104.38870915078,0
268,2017-10-31,106082152741.21794,1800486324.20211,6368.65164135745,0
269,2017-01-11,111860407349.42265,2095690342.820862,6714.78898671902,0
270,2017-02-11,117621545279.66475,4363333285.959415,7059.7938605488,0
271,2017-03-11,120546744685.76022,2826731064.9064713,7234.73838202036,0
272,2017-04-11,123154674357.55318,2043449643.0088456,7390.53522652395,0
273,2017-11-12,286279279595.202,7710546749.544,17106.5051488871,0
274,2017-12-12,288713846623.762,4686094939.5687,17249.920214656,0
275,2017-12-13,276619329724.168,4407769522.20181,16525.0444892988,0
276,2017-12-14,282355027769.183,4117594354.00804,16865.3616648753,0
277,2017-12-15,301031043805.055,6146229228.58011,17978.6305581344,0
278,2017-12-16,329315720181.841,5116192713.25694,19665.3949272416,0
279,2017-12-17,325311461891.215,4251128480.35423,19423.5801532525,0
280,2017-12-18,321409248360.935,5411492204.5264,19188.0539569348,0
281,2017-12-19,304459646943.618,6141309845.2726,18174.1867596316,0
282,2017-12-20,285821795917.542,7509260354.08289,17059.8883502646,0
283,2017-12-21,274043056258.078,5580926436.9909,16355.2382257401,0
284,2017-12-22,236028031210.852,12164204097.121,14084.8249267767,0
285,2017-12-23,255444795621.567,5076754666.02441,15241.9164656487,0
286,2017-12-24,242218743695.445,4129411907.77252,14451.1145466743,0
287,2017-12-25,239755987703.759,2485439206.78209,14302.7537081839,0
288,2017-12-26,278573473665.536,4255570625.9614,16616.6820570844,0
289,2017-12-27,274522325686.838,4950722889.35151,16373.0810795739,0
290,2017-12-28,252666630245.445,5266566467.59302,15067.8994980567,0
291,2017-12-29,253178163423.298,3753038183.65771,15096.5594360709,0
292,2017-12-30,228445816988.881,3600481281.03768,13620.3618741461,0
293,2017-12-31,248925602660.692,2921202870.14992,14839.5907854184,0
294,2018-01-01,236440337971.831,2345478673.51547,14093.6068305274,0
295,2018-02-01,257079617264.841,4130217904.20997,15321.9328517642,0
296,2018-03-01,261505188675.85794,3310355625.1255913,15583.8855377593,0
297,2018-04-01,268124738814.99704,4217387187.5256386,15976.365194174,0
298,2018-05-01,307774011688.3515,6275687595.940333,18336.9229801691,0
299,2018-06-01,307926110569.5282,4240919830.5153003,18343.6624934071,0
300,2018-07-01,286074127681.1376,3044989246.796485,17039.8739138488,0
301,2018-08-01,266976271422.5615,5752981089.536744,15900.3650216006,0
302,2018-09-01,262044268423.30463,4214092201.8070655,15604.7234082405,0
303,2018-10-01,260474112841.84482,4969472882.941215,15509.2701268168,0
304,2018-11-01,236008991341.7291,5833888113.053883,14050.5696063543,0
305,2018-12-01,247945818276.33105,4021952802.5976954,14759.294629915,0
306,2018-01-13,255265724750.92688,3134247725.132476,15193.3148979847,0
307,2018-01-14,243252295974.26068,3336056550.553205,14476.5889713691,0
308,2018-01-15,242193794408.73285,3222958351.447812,14411.9977069182,0
309,2018-01-16,197043955228.79236,9677283153.059654,11723.9135206658,0
310,2018-01-17,191882616843.4473,10225958520.621689,11415.3928442768,0
311,2018-01-18,194496634731.3023,6558304864.2233305,11569.4249920858,0
312,2018-01-19,197698672432.58115,4208563477.4581575,11758.4693327652,0
313,2018-01-20,222978421656.46298,4520485016.427376,13260.2711872786,0
314,2018-01-21,196828374433.09152,4319501969.014785,11703.5048628599,0
315,2018-01-22,184878210439.39847,5012581424.290013,10991.5950130802,0
316,2018-01-23,183260375707.76193,4779406610.509539,10894.0009053405,0
317,2018-01-24,189730563330.71286,3582338295.944433,11277.1159704489,0
318,2018-01-25,188880475665.0269,3204496193.302373,11225.2544568853,0
319,2018-01-26,185867144988.1318,4616389063.310399,11044.9072365744,0
320,2018-01-27,192805209257.31415,2894314081.3753986,11456.2135062799,0
321,2018-01-28,196359635508.99493,2682886340.599035,11665.6969300847,0
322,2018-01-29,187828526722.43542,2345235501.178288,11157.6638878978,0
323,2018-01-30,186776632503.01822,2321424679.531806,11095.2106891266,0
324,2018-01-31,168188285150.7701,3804947187.2286944,9989.68977659669,0
325,2018-01-02,170304196700.15707,3225562144.838607,10114.495086226,0
326,2018-02-02,152744180864.1639,4769515274.345698,9070.55544937356,0
327,2018-03-02,148715185541.37634,6813550017.173829,8830.16351005472,0
328,2018-04-02,151507305722.97018,3422042094.7330213,8994.91486607664,0
329,2018-05-02,140081544557.2351,3337096341.0061126,8315.51749143615,0
330,2018-06-02,115444836533.44771,5313588642.981379,6852.05270051491,0
331,2018-07-02,129936854004.41661,9152685412.95559,7711.2203289411,0
332,2018-08-02,128271617562.32497,4862232217.401406,7611.61027778882,0
333,2018-09-02,138345016554.78464,3190753947.378832,8208.57208449673,0
334,2018-10-02,145812043727.55478,2960039948.907384,8650.71675042998,0
335,2018-11-02,144544944416.7482,3371677737.5319858,8574.67763849023,0
336,2018-12-02,137716289625.30893,2806997176.95887,8168.63777979963,0
337,2018-02-13,150256428069.51227,3069219870.565569,8911.3985742083,0
338,2018-02-14,143645913955.80325,2551515988.2160945,8518.26907619091,0
339,2018-02-15,159007423075.0244,3282094240.879327,9428.02560716167,0
340,2018-02-16,170569769073.98798,4332356645.963475,10112.5801434467,0
341,2018-02-17,171309236631.063,3141038601.332415,10155.2770555258,0
342,2018-02-18,185692327611.28845,3699819140.1747103,11006.647685962,0
343,2018-02-19,177561296505.31497,4740378626.743881,10523.429305801,0
344,2018-02-20,187364222442.60483,3486171704.866562,11103.0900361497,0
345,2018-02-21,194121879194.2264,4225354045.1790047,11502.3770496396,0
346,2018-02-22,168362084194.4766,4574800113.397884,9973.59211951887,0
347,2018-02-23,169362253983.19455,4626064156.354444,10032.863112314,0
348,2018-02-24,173922837770.0662,4009462976.493817,10301.883609336,0
349,2018-02-25,164497574061.05917,3465387501.6656966,9742.62819006538,0
350,2018-02-26,163790896885.65796,2743650277.5619,9699.51718151529,0
351,2018-02-27,174886939893.19846,3646748812.403751,10355.5781264856,0
352,2018-02-28,180884108725.43018,3398119467.1062694,10709.3884310463,0
353,2018-01-03,174778709347.89926,3182259829.3149323,10346.664931035,0
354,2018-02-03,183463718171.25656,2892166041.0523987,10859.5521943893,0
355,2018-03-03,187514886761.3877,3031487197.1333075,11098.0758092511,0
356,2018-04-03,191899353575.24014,3019436740.238814,11356.0416016724,0
357,2018-05-03,190747933122.93732,2580256309.470718,11286.6762891691,0
358,2018-06-03,194821583687.4345,2693945511.0085077,11526.4209302906,0
359,2018-07-03,181342656441.09247,3618749298.786025,10727.716249205,0
360,2018-08-03,169056252057.66943,4896773758.150409,9999.68248604677,0
361,2018-09-03,159289105130.23843,4028135943.9580393,9420.85488958591,0
362,2018-10-03,156862284242.87494,5476476288.950579,9276.33759031006,0
363,2018-11-03,150359761907.83084,3260891795.801318,8890.86580399612,0
364,2018-12-03,160888688653.47745,3876612721.9476624,9512.45611286134,0
365,2018-03-13,156177221215.63092,4019736166.690967,9232.70587979953,0
366,2018-03-14,155921695042.49033,3628990704.0064235,9216.53097626842,0
367,2018-03-15,140553335048.27603,4020163253.1929836,8307.22338626638,0
368,2018-03-16,141449655895.93512,4571407139.639841,8359.36528334063,0
369,2018-03-17,144184737078.2775,3070872383.1616874,8520.00815917187,0
370,2018-04-29,157282709009.46033,3006508147.8120923,9249.65952508923,0
371,2018-04-30,158592809944.5081,2827554754.4722853,9325.62885104679,0
372,2018-01-05,156443377473.375,2508704421.0187726,9198.18950997327,0
373,2018-02-05,153504488648.5945,2661071473.28962,9024.3875117766,0
374,2018-03-05,155192629946.18726,2179558786.4918017,9122.65301383019,0
375,2018-04-05,162498830620.22913,1228125377.9488525,9551.13518381566,0
376,2018-05-05,163935762593.6642,2695999383.5138526,9634.53822597227,0
377,2018-06-05,166195961946.18,2617990803.561576,9766.24448548887,0
378,2018-07-05,163109111220.656,2626417557.0669236,9583.87174550137,0
379,2018-08-05,158435513589.56033,2767085706.197567,9308.26502572185,0
380,2018-09-05,155749835750.4752,2455200521.7337303,9149.51783314723,0
381,2018-10-05,157460887034.23203,2363841215.4382,9248.96039558449,0
382,2018-11-05,152728483795.6562,2359598426.330252,8969.94037574258,0
383,2018-12-05,143131877388.73486,3726075355.3037004,8405.5605632418,0
384,2018-05-13,144426929746.49615,2995955136.9111686,8480.58037612559,0
385,2018-05-14,147906738510.20526,2283320839.5720086,8683.9862031429,0
386,2018-05-15,148142733211.5191,3143239503.891285,8696.97400387283,0
387,2018-05-16,144348790079.53476,2586241489.8424945,8473.34864905366,0
388,2018-05-17,142149224754.09787,2772906142.3921065,8343.1252216955,0
389,2018-05-18,137271416445.43767,2173653717.1690426,8056.05319237475,0
390,2018-05-19,139787112156.34103,2127912775.3863177,8202.82540955214,0
391,2018-05-20,139424471286.71832,1672351902.7302613,8180.62700991409,0
392,2018-05-21,143916527618.282,1660868681.4973857,8443.26024591542,0
393,2018-05-22,142427831413.29367,1711697912.2659817,8354.99633591748,0
394,2018-05-23,136550347058.65228,1895031387.309464,8009.2995067828,0
395,2018-05-24,128842835523.63457,2777184892.7350817,7556.31604292077,0
396,2018-05-25,128977752305.11423,2602938656.909345,7563.43546544346,0
397,2018-05-26,127435061535.96555,1959178260.217828,7472.02260174872,0
398,2018-05-27,125008468874.28679,1289488237.4471545,7328.87167436352,0
399,2018-05-28,124985768473.80345,1247227035.27444,7326.64394017867,0
400,2018-05-29,121322210033.3444,1770692328.4028218,7111.06892466996,0
401,2018-05-30,127138205821.77669,2224251684.1663904,7451.2308372653,0
402,2018-05-31,125953862789.73985,1772428207.794572,7380.8515577098,0
403,2018-01-06,127322669333.3591,1714862985.0808516,7460.16694986577,0
404,2018-02-06,127797556817.80017,1637953742.8095627,7487.07630453815,0
405,2018-03-06,129185013358.09856,1531230053.8451543,7567.51293761927,0
406,2018-04-06,130436135448.66774,1432775393.8161438,7639.87944568278,0
407,2018-05-06,127444424300.66489,1643488925.3602982,7463.65499554503,0
408,2018-06-06,129259980382.17676,1754013549.8288014,7569.01133988542,0
409,2018-07-06,129898428226.34839,1562705992.3836496,7605.57848860797,0
410,2018-08-06,130052073722.89095,1459894514.226805,7613.77739337755,0
411,2018-09-06,129167113170.94856,1362045102.4224646,7561.16610052452,0
412,2018-10-06,126683533782.87282,1102262799.2103968,7415.00137858946,0
413,2018-11-06,115631864817.82808,2788497500.7839518,6767.49948454925,0
414,2018-12-06,117568067796.62566,1973448735.786416,6880.13364875604,0
415,2018-06-13,112482862604.77522,2060764062.9813228,6581.82807522796,0
416,2018-06-14,108260201574.01901,2571112868.4509044,6334.09890642618,0
417,2018-06-15,113582443265.84215,2354179149.4928327,6644.72067973844,0
418,2018-06-16,109527730085.0741,1740752641.6341267,6406.80704950998,0
419,2018-06-17,110772203147.8282,1306649275.5030081,6478.81592433021,0
420,2018-06-18,109759607021.02477,1120785833.1800666,6418.85000188746,0
421,2018-06-19,114196505243.23883,1750367371.2555826,6677.53340291194,0
422,2018-06-20,114742187734.30663,1649449915.2393851,6708.68182027534,0
423,2018-06-21,114852494305.80463,1626421446.364752,6714.37546123014,0
424,2018-06-22,114463912846.04523,1400178395.5280418,6690.832151608,0
425,2018-06-23,104172397755.09848,2932411240.2020984,6088.57944239075,0
426,2018-06-24,105568325740.5693,1635692582.8272383,6169.43726386169,0
427,2018-06-25,105415073017.07509,2452039491.998072,6159.70719379414,0
428,2018-06-26,106832748619.81493,4326984848.152794,6241.84871170546,0
429,2018-06-27,103900589095.60583,3248018159.5091834,6069.87260616628,0
430,2018-06-28,104717160923.03616,2057221707.976688,6117.03640962264,0
431,2018-06-29,100670773791.78275,1928320709.0794477,5879.98897440643,0
432,2018-06-30,105857391286.9164,2341618860.2006936,6182.25674792295,0
433,2018-01-07,109023438456.36497,2086842501.722632,6366.49946751097,0
434,2018-02-07,108116702994.83368,2601785821.8298526,6312.87724313135,0
435,2018-03-07,112969688594.56374,3392521918.1209335,6595.5473128085,0
436,2018-04-07,111301577387.40128,3013786718.6534033,6497.60735494217,0
437,2018-05-07,112427869579.76012,3111969366.0956326,6562.7217371211,0
438,2018-06-07,112011029362.86702,3315114737.710066,6537.74087162192,0
439,2018-07-07,113147533991.98392,4742128037.640009,6603.29470396542,0
440,2018-08-07,115842716194.10664,6047929422.833753,6759.83608914527,0
441,2018-09-07,114841688927.81284,5015170529.876131,6700.63547905209,0
442,2018-10-07,113955190214.94202,5246420831.047288,6648.256795903321,0
443,2018-11-07,108055463516.65717,4358427107.61466,6303.380664729323,0
444,2018-12-07,109263693476.82497,3969169303.744414,6373.234804689936,0
445,2018-07-13,106829387990.04874,3534743492.203714,6230.5901971047815,0
446,2018-07-14,107145717585.4774,3951261052.820787,6248.397313033797,0
447,2018-07-15,107117271573.7231,3709146622.835988,6246.13741162634,0
448,2018-07-16,108903950780.21829,2857367439.538571,6349.695836710773,0
449,2018-07-17,115637208433.3911,4559363479.1402855,6741.6919602852695,0
450,2018-07-18,125285895738.59448,6194130741.142913,7303.373059795855,0
451,2018-07-19,125840376647.27176,4843025304.5135565,7334.771372076191,0
452,2018-07-20,127709804699.66203,4107857510.670374,7442.800738748321,0
453,2018-07-21,125820597539.21863,3727831730.875354,7331.871523239401,0
454,2018-07-22,126644347498.85966,2892881147.245292,7379.137271821949,0
455,2018-07-23,126948286633.17482,5717881945.865358,7395.8664054401,0
456,2018-07-24,132270404905.45909,6202101797.69894,7704.99567890457,0
457,2018-07-25,144602365043.07205,5592076817.676129,8422.37392335148,0
458,2018-07-26,139850429188.6199,4086880124.497768,8144.553482041877,0
459,2018-07-27,136166569453.30632,3429994449.907072,7929.079243602936,0
460,2018-07-28,139897416706.44568,3624913497.9544983,8145.333168120666,0
461,2018-07-29,140716208459.56802,3659115450.6126037,8192.13570223742,0
462,2018-07-30,140827378169.39276,2598593361.850844,8197.593575814208,0
463,2018-07-31,140640772123.99832,3497813384.6209693,8185.921138302329,0
464,2018-01-08,132963528816.20732,4675498855.415108,7738.249304586212,0
465,2018-02-08,130813483341.75774,11591125727.422794,7612.300753683117,0
466,2018-03-08,129596337579.7665,6834800615.470859,7540.633150617145,0
467,2018-04-08,127395242323.66476,5580835718.27458,7411.66638248389,0
468,2018-08-30,121479639297.29665,5976493148.705724,7046.748947280631,0
469,2018-08-31,121103237785.70247,6587864491.268964,7024.14510718162,0
470,2018-01-09,121186316787.30235,5959884320.762271,7027.631279401852,0
471,2018-02-09,124380655386.09407,6257915213.839819,7211.270767868822,0
472,2018-03-09,125994361368.72597,6640164154.549976,7305.272801003753,0
473,2018-04-09,125200923805.39091,4511643009.568316,7260.897516647864,0
474,2018-05-09,126949626755.787,5344233220.454348,7359.462992923027,0
475,2018-06-09,116602093876.15263,7036065651.078336,6764.926773778225,0
476,2018-07-09,112034863191.16696,6558109770.577363,6498.2796126096555,0
477,2018-08-09,110396118506.89438,4422971841.981781,6397.81887024023,0
478,2018-09-09,106668555553.51491,3851077568.004001,6181.19445075213,0
479,2018-10-09,108219061918.52274,4174629547.594032,6260.764806062476,0
480,2018-11-09,108846231385.41852,4504626593.565221,6308.135474616629,0
481,2018-12-09,108449181464.89592,5001529025.0324745,6278.917069628559,0
482,2018-09-13,109298582014.21779,5026516732.831187,6330.574238022664,0
483,2018-09-14,112124461661.13242,4987196751.843109,6486.461630393616,0
484,2018-09-15,112334356298.05247,5350596522.1363,6500.01225461663,0
485,2018-09-16,112796085614.54744,4295951323.506035,6530.221146234664,0
486,2018-09-17,112373562206.64603,4715407407.2624035,6506.248493217292,0
487,2018-09-18,107960190646.44861,4600931272.400568,6250.121727322729,0
488,2018-09-19,109629673484.58704,4472798160.224327,6347.069255451608,0
489,2018-09-20,110292032124.89343,5380977505.120019,6383.753841158382,0
490,2018-09-21,112172960507.04015,5059042419.562756,6491.885242276883,0
491,2018-09-22,116710823191.41154,5931455399.756281,6753.8344721403255,0
492,2018-09-23,116607568773.97198,5159534298.571353,6747.032172960024,0
493,2018-09-24,116001860055.71248,4322794079.140574,6711.029451815934,0
494,2018-09-25,114024650850.04753,4626497701.607775,6596.187313045577,0
495,2018-09-26,111360852966.35107,4580781824.213022,6441.311544542553,0
496,2018-09-27,111760801180.65999,3788299697.410916,6462.795635292239,0
497,2018-09-28,115905890382.87775,4690261094.515134,6704.704245729721,0
498,2018-09-29,114768551691.0015,3140320712.2600975,6634.765964572905,0
499,2018-09-30,114265552573.72394,2294291064.4914503,6606.073795422076,0
500,2018-01-10,114617564007.79602,1908960742.721659,6626.037956098487,0
501,2018-02-10,114225251470.51224,1893760872.9018476,6598.841259755177,0
502,2018-03-10,112814709079.4464,2035903501.1612606,6524.60769791521,0
503,2018-04-10,112545036630.82414,2247969611.1974277,6499.262379115219,0
504,2018-05-10,113846158429.54834,2059404665.1894457,6578.701809284849,0
505,2018-06-10,114567814410.76247,1840911129.5584166,6621.189363919919,0
506,2018-07-10,114021329402.35275,1464404365.51708,6589.124681678888,0
507,2018-08-10,113962679824.78195,1499424737.458561,6584.832153052514,0
508,2018-09-10,115167647222.33853,2081626437.4631693,6653.089450830426,0
509,2018-10-10,114837789505.01476,1741398466.9025888,6633.745729917172,0
510,2018-11-10,113987017102.36557,2070407901.7011054,6582.455082387102,0
511,2018-12-10,108155761830.83029,3581191342.767335,6234.367641454442,0
512,2018-10-13,108845285496.56729,2295615181.287238,6285.592982799844,0
513,2018-10-14,109372673141.74013,1851879464.8516304,6314.883384422573,0
514,2018-10-15,109624316973.41199,1847113723.7353718,6328.554760034424,0
515,2018-10-16,115236573309.55287,6217858944.018429,6659.87550840943,0
516,2018-10-17,114960968517.5375,2746546151.2501135,6635.125667516839,0
517,2018-10-18,114953321633.49261,2820354466.330306,6635.741832487943,0
518,2018-10-19,112970698851.37468,2625598930.5728407,6517.511087710534,0
519,2018-10-20,112394945004.92676,2652532021.929972,6483.827769471798,0
520,2018-10-21,113214078424.96126,2387105749.143392,6532.678750383806,0
521,2018-10-22,113208108538.70485,2127987152.5866547,6529.670021370842,0
522,2018-10-23,112905904007.05743,2655159954.716826,6512.589059298922,0
523,2018-10-24,112227883463.22098,2784381146.568883,6472.799660641591,0
524,2018-10-25,112363064964.16649,2607022301.561287,6481.443589558082,0
525,2018-10-26,112010056845.21841,2618534041.346836,6458.191521836801,0
526,2018-10-27,112200801079.02803,2698016930.8820057,6468.826424965618,0
527,2018-10-28,111998326691.92026,2383295890.5582404,6457.058635186671,0
528,2018-10-29,112422008134.01062,2065446088.788402,6481.323141667608,0
529,2018-10-30,109167179052.3813,3631795693.013341,6292.6479239344,0
530,2018-10-31,109890575608.10541,1962209613.9889975,6331.781807909807,0
531,2018-01-11,110487418903.24472,2042670545.032488,6366.720109554257,0
532,2018-02-11,110896563654.92197,2922702484.006447,6379.972972168429,0
533,2018-03-11,111528929052.5205,2675454291.399585,6425.4415830402095,0
534,2018-04-11,110888814023.684,2582446886.6230755,6388.1897883073725,0
535,2018-05-11,110241536216.1873,3198297931.7470818,6351.061941056285,0
536,2018-06-11,111383003826.06792,3213571991.0860043,6415.443408541094,0
537,2018-07-11,112347500910.42685,3408876943.8566713,6474.847290336688,0
538,2018-08-11,113943582818.14384,3120683820.785003,6574.801180290013,0
539,2018-09-11,112723294658.02623,2402484611.4646854,6490.454730761757,0
540,2018-10-11,111440702127.79549,2707057000.4786224,6413.78203857173,0
541,2018-11-11,111308110603.00995,1672332107.6089764,6429.898792074219,0
542,2018-12-11,111773252086.90735,2943678893.5684266,6434.2845969255495,0
543,2018-11-13,111385885801.71518,2651674690.982871,6411.353436205148,0
544,2018-11-14,111126759494.65367,2890964719.217386,6394.289276264062,0
545,2018-11-15,100585460320.22012,5690409836.804629,5788.612494046974,0
546,2018-11-16,98829079080.72421,4981978552.514329,5686.541131058274,0
547,2018-11-17,97344067023.98213,3236633357.0467114,5609.956182334204,0
548,2018-11-18,97299989131.4034,2525819291.4931545,5599.1915956893035,0
549,2018-11-19,98118875508.37688,2422604400.7507744,5638.861481452398,0
550,2018-11-20,85228342224.35999,6126269575.232113,4889.197859239111,0
551,2018-11-21,76601948314.49545,6314969584.020993,4450.711454417822,0
552,2018-11-22,80360705527.42929,4321511764.357207,4613.44841218385,0
553,2018-11-23,75518575145.29533,3055231902.513544,4307.388731717267,0
554,2018-11-24,76120308175.56718,3520222575.53617,4376.904946801552,0
555,2018-11-25,67756132282.086784,3115187178.442392,3895.8368129589876,0
556,2018-11-26,70327984591.03267,5226773378.179892,4039.836551137432,0
557,2018-11-27,66796155268.6834,4652103083.720623,3811.9235292664935,0
558,2018-11-28,66811830848.48212,4050028039.1486397,3832.92451590069,0
559,2018-11-29,74381953561.03812,4973628807.699461,4267.243628990657,0
560,2018-11-30,74400715839.6163,4313265392.487118,4279.475592548712,0
561,2018-01-12,69715049461.01839,4007783472.5882053,4009.6895798259993,0
562,2018-02-12,73075855208.30002,3183894471.4847646,4189.573822999859,0
563,2018-03-12,71784475615.70909,3242289555.8219714,4124.593548643215,0
564,2018-04-12,67489136960.41757,3128854932.5753694,3878.8392347832714,0
565,2018-05-12,68592152288.353745,3255899964.55098,3943.6928120656007,0
0,2018-02-20,,,1418.73,1
1,2018-02-19,,,1534.77,1
2,2018-02-18,,,1487.46,1
3,2018-02-17,,,1551.39,1
4,2018-02-16,,,1552.2,1
5,2018-02-15,,,1375.81,1
6,2018-02-14,,,1362.27,1
7,2018-02-13,,,1231.98,1
8,2018-02-12,,,1283.91,1
9,2018-02-11,,,1217.64,1
10,2018-02-10,,,1257.31,1
11,2018-02-09,,,1312.11,1
12,2018-02-08,,,1284.56,1
13,2018-02-07,,,957.96,1
14,2018-02-06,,,974.52,1
15,2018-02-05,,,887.41,1
16,2018-02-04,,,1165.38,1
17,2018-02-03,,,1272.5,1
18,2018-02-02,,,1191.14,1
19,2018-02-01,,,1274.35,1
20,2018-01-31,,,1486.89,1
21,2018-01-30,,,1470.55,1
22,2018-01-29,,,1657.14,1
23,2018-01-28,,,1746.25,1
24,2018-01-27,,,1628.63,1
25,2018-01-26,,,1603.9,1
26,2018-01-25,,,1642.12,1
27,2018-01-24,,,1639.13,1
28,2018-01-23,,,1621.46,1
29,2018-01-22,,,1621.92,1
30,2018-01-21,,,1776.64,1
31,2018-01-20,,,2032.12,1
32,2018-01-19,,,1769.62,1
33,2018-01-18,,,1756.75,1
34,2018-01-17,,,1748.05,1
35,2018-01-16,,,1772.07,1
36,2018-01-15,,,2401.54,1
37,2018-01-14,,,2553.32,1
38,2018-01-13,,,2685.29,1
39,2018-01-12,,,2620.99,1
40,2018-01-11,,,2462.61,1
41,2018-01-10,,,2895.38,1
42,2018-01-09,,,2391.56,1
43,2018-01-08,,,2421.47,1
44,2018-01-07,,,2786.88,1
45,2018-01-06,,,2786.65,1
46,2018-01-05,,,2584.48,1
47,2018-01-04,,,2430.18,1
48,2018-01-03,,,2608.69,1
49,2018-01-02,,,2711.0,1
50,2018-01-01,,,2432.54,1
51,2017-12-31,,,2533.01,1
52,2017-12-30,,,2392.41,1
53,2017-12-29,,,2779.95,1
54,2017-12-28,,,2566.64,1
55,2017-12-27,,,2889.52,1
56,2017-12-26,,,3108.89,1
57,2017-12-25,,,2954.69,1
58,2017-12-24,,,2903.12,1
59,2017-12-23,,,3257.08,1
60,2017-12-22,,,2696.69,1
61,2017-12-21,,,3267.17,1
62,2017-12-20,,,3923.07,1
63,2017-12-19,,,2805.89,1
64,2017-12-18,,,2196.64,1
65,2017-12-17,,,1862.88,1
66,2017-12-16,,,1801.88,1
67,2017-12-15,,,1815.43,1
68,2017-12-14,,,1966.14,1
69,2017-12-13,,,1607.65,1
70,2017-12-12,,,1615.03,1
71,2017-12-11,,,1423.38,1
72,2017-12-10,,,1323.07,1
73,2017-12-09,,,1410.06,1
74,2017-12-08,,,1464.13,1
75,2017-12-07,,,1330.93,1
76,2017-12-06,,,1430.1,1
77,2017-12-05,,,1501.85,1
78,2017-12-04,,,1576.92,1
79,2017-12-03,,,1559.93,1
80,2017-12-02,,,1434.98,1
81,2017-12-01,,,1462.68,1
82,2017-11-30,,,1389.78,1
83,2017-11-29,,,1359.71,1
84,2017-11-28,,,1546.18,1
85,2017-11-27,,,1622.57,1
86,2017-11-26,,,1735.66,1
87,2017-11-25,,,1571.27,1
88,2017-11-24,,,1648.51,1
89,2017-11-23,,,1683.81,1
90,2017-11-22,,,1303.31,1
91,2017-11-21,,,1176.97,1
92,2017-11-20,,,1236.01,1
93,2017-11-19,,,1172.05,1
94,2017-11-18,,,1254.53,1
95,2017-11-17,,,1185.48,1
96,2017-11-16,,,900.78,1
97,2017-11-15,,,1212.4,1
98,2017-11-14,,,1273.53,1
99,2017-11-13,,,1353.99,1
100,2017-11-12,,,1388.86,1
101,2017-11-11,,,1340.45,1
102,2017-11-10,,,1007.42,1
103,2017-11-09,,,654.3,1
104,2017-11-08,,,622.46,1
105,2017-11-07,,,616.3,1
106,2017-11-06,,,602.65,1
107,2017-11-05,,,630.7,1
108,2017-11-04,,,620.45,1
109,2017-11-03,,,625.32,1
110,2017-11-02,,,587.22,1
111,2017-11-01,,,531.83,1
112,2017-10-31,,,439.05,1
113,2017-10-30,,,448.23,1
114,2017-10-29,,,451.92,1
115,2017-10-28,,,423.35,1
116,2017-10-27,,,367.57,1
117,2017-10-26,,,338.2,1
118,2017-10-25,,,332.13,1
119,2017-10-24,,,326.89,1
120,2017-10-23,,,315.6,1
121,2017-10-22,,,331.66,1
122,2017-10-21,,,323.36,1
123,2017-10-20,,,327.44,1
124,2017-10-19,,,330.81,1
125,2017-10-18,,,339.17,1
126,2017-10-17,,,371.73,1
127,2017-10-16,,,313.64,1
128,2017-10-15,,,314.95,1
129,2017-10-14,,,321.96,1
130,2017-10-13,,,321.46,1
131,2017-10-12,,,313.21,1
132,2017-10-11,,,314.9,1
133,2017-10-10,,,321.59,1
134,2017-10-09,,,314.16,1
135,2017-10-08,,,342.21,1
136,2017-10-07,,,360.78,1
137,2017-10-06,,,363.01,1
138,2017-10-05,,,355.75,1
139,2017-10-04,,,358.45,1
140,2017-10-03,,,404.18,1
141,2017-10-02,,,421.19,1
142,2017-10-01,,,415.15,1
143,2017-09-30,,,432.63,1
144,2017-09-29,,,436.77,1
145,2017-09-28,,,447.81,1
146,2017-09-27,,,457.31,1
147,2017-09-26,,,441.83,1
148,2017-09-25,,,445.8,1
149,2017-09-24,,,421.03,1
150,2017-09-23,,,428.5,1
151,2017-09-22,,,415.09,1
152,2017-09-21,,,416.26,1
153,2017-09-20,,,476.05,1
154,2017-09-19,,,527.88,1
155,2017-09-18,,,479.32,1
156,2017-09-17,,,419.86,1
157,2017-09-16,,,440.22,1
158,2017-09-15,,,424.02,1
159,2017-09-14,,,367.04,1
160,2017-09-13,,,503.61,1
161,2017-09-12,,,510.41,1
162,2017-09-11,,,537.81,1
163,2017-09-10,,,537.07,1
164,2017-09-09,,,547.47,1
165,2017-09-08,,,583.1,1
166,2017-09-07,,,652.86,1
167,2017-09-06,,,638.18,1
168,2017-09-05,,,541.71,1
169,2017-09-04,,,517.24,1
170,2017-09-03,,,607.43,1
171,2017-09-02,,,575.9,1
172,2017-09-01,,,622.17,1
173,2017-08-31,,,588.17,1
174,2017-08-30,,,575.21,1
175,2017-08-29,,,552.93,1
176,2017-08-28,,,596.18,1
177,2017-08-27,,,620.9,1
178,2017-08-26,,,625.32,1
179,2017-08-25,,,641.05,1
180,2017-08-24,,,628.11,1
181,2017-08-23,,,669.4,1
182,2017-08-22,,,690.88,1
183,2017-08-21,,,599.63,1
184,2017-08-20,,,712.87,1
185,2017-08-19,,,754.56,1
186,2017-08-18,,,690.24,1
187,2017-08-17,,,460.53,1
188,2017-08-16,,,300.21,1
189,2017-08-15,,,297.86,1
190,2017-08-14,,,297.68,1
191,2017-08-13,,,298.05,1
192,2017-08-12,,,317.09,1
193,2017-08-11,,,328.24,1
194,2017-08-10,,,275.95,1
195,2017-08-09,,,303.89,1
196,2017-08-08,,,345.49,1
197,2017-08-07,,,319.69,1
198,2017-08-06,,,220.66,1
199,2017-08-05,,,213.15,1
200,2017-08-04,,,233.05,1
201,2017-08-03,,,364.05,1
202,2017-08-02,,,452.66,1
203,2017-08-01,,,380.01,1
204,2017-07-31,,,294.46,1
205,2017-07-30,,,345.66,1
206,2017-07-29,,,384.77,1
207,2017-07-28,,,406.05,1
208,2017-07-27,,,385.48,1
209,2017-07-26,,,365.82,1
210,2017-07-25,,,406.9,1
211,2017-07-24,,,440.7,1
212,2017-07-23,,,413.06,1
